<?xml version="1.0" encoding= "UTF-8" ?>
<!DOCTYPE struts PUBLIC
    "-//Apache Software Foundation//DTD Struts Configuration 2.1.7//EN"
    "struts-2.2.dtd">
<struts>
     <constant name ="struts.devMode" value="true"/>
    <constant name ="struts.i18n.encoding" value= "UTF-8" />
    <constant name ="struts.convention.result.path" value= "/WEB-INF/views/"/>
    <constant name ="st3ruts.convention.package.locators" value= "com.pzy.web"/>
    <constant name ="struts.objectFactory" value="spring"/>
    <constant name ="struts.configuration.xml.reload" value="true"/>
    <constant name="struts.multipart.maxSize" value="104857600"/> 
    <package name ="demo" extends="struts-default" >
        <global-results >
            <result name ="login">/login.jsp</result>
            <result name ="error">/error.jsp</result>
        </global-results >
    </package >
     
</struts>
